id,first_name,last_name
1,Markus,O'Roan
2,Pascale,Piller
3,Cris,Takle
4,Dore,Riddick
5,Berne,Althorp
6,Lorens,Embery
7,Cyb,Romi
8,Shannan,Hebburn
9,Wally,Van der Kruys
10,Tiebold,Garrison
11,Martguerita,Somerbell
12,Avigdor,Dunnan
13,Gennifer,O'Kerin
14,Sara,Stollard
15,Ag,Loosmore
16,Fleurette,Burt
17,Rasia,Hassin
18,Ibrahim,Doy
19,Deloria,Livens
20,Rosana,Joynt
21,Andres,MacWhirter
22,Horatio,Lack
23,Antonetta,McCaughen
24,Cathee,De Brett
25,Alasdair,MacCroary
26,Corney,Wycliff
27,Michail,Cartwright
28,Philippa,Spatarul
29,Wilma,Charnley
30,Guinna,Pennycord
31,Courtnay,Oxbie
32,Lee,Andreev
33,Onida,Sussex
34,Adan,Maddern
35,Cassandre,Potteridge
36,Ellynn,Peetermann
37,Anatole,Vernay
38,Francesca,Pocklington
39,Mack,Cossem
40,Rubin,Matveiko
41,Pip,Manoch
42,Harv,Eloi
43,Ingaberg,McGrill
44,Shari,Edison
45,Cullan,Antonellini
46,Jed,Oiller
47,Nanine,Iwanczyk
48,Beaufort,Semper
49,Marga,Beachem
50,Reynold,Primmer
51,Darrelle,Dorcey
52,Remy,Kinnier
53,Bran,Gudahy
54,Frasier,Sharple
55,Griswold,Clague
56,Orazio,Rouby
57,Erick,Steuart
58,Celestine,Griffitt
59,Lucas,McGaffey
60,Grete,Frankum
61,Brooks,Gammill
62,Gwenneth,Darter
63,Grete,Flintoft
64,Antone,Shurman
65,Adel,Morratt
66,Diena,Danilishin
67,Perry,Bortoletti
68,Zondra,Yu
69,Johny,Van
70,Ignacius,Woolrich
71,Abigale,Hadlington
72,Kelbee,Mocher
73,Cher,Grellis
74,Tanhya,Meake
75,Sal,Beddo
76,Hetty,Scottrell
77,Aile,Mattheis
78,Vicky,Gulvin
79,Daffie,Edgar
80,Manya,Alderwick
81,Linell,Ussher
82,Annadiane,Swadon
83,Marjory,Beckenham
84,Vania,Boother
85,Caro,Fergie
86,Cheryl,Karlsson
87,Obediah,Forrestor
88,Sandye,Brownrigg
89,Benedetto,Grogona
90,Jasmine,Wyley
91,Harlen,Mafham
92,Dick,Chadbourne
93,Daphne,Seeley
94,Konstantin,Ogley
95,Winfred,Toderbrugge
96,Charmion,Gudgion
97,Deni,Broad
98,Carena,Giannoni
99,Binny,Raubenheim
100,Guglielma,Glenn
101,Sondra,Stayt
102,Helyn,Gloucester
103,Wylma,Rubee
104,Iolande,Tolson
105,Georgeanne,Gerber
106,Augusto,Sholem
107,Tait,Buncher
108,Janine,Burress
109,Clevie,Castagnone
110,Heida,Grenter
111,Wyatan,Allbones
112,Cort,Monckman
113,Hillery,Shemelt
114,Meridel,Peerless
115,Haleigh,Haizelden
116,Etti,Moreno
117,Levey,Bigland
118,Ferrel,Adams
119,Nora,Prestedge
120,Petr,Rait
121,Edsel,Turbern
122,Giffie,Hastilow
123,Sebastiano,Lyver
124,Giorgi,Fenkel
125,Peyton,Lobb
126,Devora,Coppard
127,Daryn,Amor
128,Benjamen,Goodbanne
129,Tiena,Rivallant
130,Natalina,Duckels
131,Denys,Cartmael
132,Rosamund,Gallelli
133,Elias,Bransden
134,Jed,Offiler
135,Xena,Brisson
136,Kayne,Corson
137,Todd,Budge
138,Alley,Merrisson
139,Edita,Gallear
140,Krystal,Itzakovitz
141,Neall,Albers
142,Nata,Dubery
143,Aliza,Dunsleve
144,Bryce,Romagosa
145,Robby,Monson
146,Reyna,Povele
147,Manda,McCard
148,Blair,Fuzzey
149,Gretal,Pacey
150,Horacio,Worstall
151,Korrie,Matskiv
152,Kale,O'Rowane
153,Orbadiah,Gillies
154,Rose,McWilliam
155,Letty,Tuckwell
156,Hollie,Brotherick
157,Janot,D'Alessandro
158,Lethia,Kantor
159,Bendicty,Watson
160,Kerrie,Ianni
161,Hedwiga,Gannan
162,Neill,Lyness
163,Shawna,Coppard
164,Aldis,De Benedictis
165,Saul,Kaas
166,Lidia,Rothon
167,Timmi,Paule
168,Guss,Apedaile
169,Obadias,Bounde
170,Osborne,Skyrm
171,Odie,Rawlings
172,Dominick,Worden
173,Jodie,Kleeborn
174,Stan,Lavalde
175,Isis,Thaller
176,Phylis,Chomicki
177,Bram,Duddan
178,Benoit,Wennington
179,Wallas,Zapatero
180,Leilah,Medhurst
181,Rosamond,Beswell
182,Rodger,Whild
183,Robby,Grinston
184,Vanna,Deans
185,Conn,Aucoate
186,Hortensia,Beet
187,Adora,Westmacott
188,Leontine,Pitney
189,Megan,Urian
190,Carri,Heckle
191,Bronnie,Corrington
192,Ilaire,Ewers
193,Lurleen,Kennady
194,Elita,McNiven
195,Arty,Sannes
196,Bevon,Blaszkiewicz
197,Cassondra,Esome
198,Alic,Harbidge
199,Sophey,Langthorne
200,Ferrell,Keilloh
201,Druci,Barnhart
202,Shawn,Muckleston
203,Morie,Carnow
204,Jenilee,Dawby
205,Vick,Gillicuddy
206,Shell,Andrejevic
207,Iolande,Raunds
208,Cristal,Graine
209,Frederik,Minard
210,Pierre,Loker
211,Siouxie,Arnhold
212,Calvin,Mawtus
213,Pieter,Arrow
214,Fayette,Chaim
215,Neville,Flacke
216,Nomi,Mabbutt
217,Kelila,Grim
218,Patrick,Armistead
219,Deana,Matthai
220,Fay,Hallgarth
221,Beatriz,D'Acth
222,Basile,Durbin
223,Halsey,Haxby
224,Gianina,MacAindreis
225,Riane,Deackes
226,Brewster,Blees
227,Oralee,Player
228,Cynde,Ogden
229,Matthus,Malec
230,Wat,Dupoy
231,Trudie,Bealing
232,Fayth,Kermon
233,Gayle,Hedworth
234,Dorris,Caldwall
235,Shanta,Barchrameev
236,Freemon,Locarno
237,Lyda,Sloat
238,Rosita,Dimbleby
239,Lalo,Menco
240,Simeon,McMenamie
241,Shelley,Gilchriest
242,Arlina,Turbefield
243,Anthia,Slaney
244,Abagael,Brims
245,Grange,Bonder
246,Paige,Ronca
247,Laryssa,Skellington
248,Susannah,Chong
249,Barnebas,Cuxson
250,Cristy,Smythin
251,Meredithe,Dupoy
252,Otto,Lorne
253,Sindee,Face
254,Truman,Gleave
255,Sharyl,Sabater
256,Nanci,Mottley
257,Dwain,Stoffel
258,Jamesy,Rabbitt
259,Lacey,Zimmerman
260,Valida,Kasher
261,Adan,Haimes
262,Carolynn,Dymocke
263,Orren,Shackleford
264,Kath,Begg
265,Tallie,Hook
266,Virginia,Weekly
267,Tuck,Munsey
268,Fan,Gurney
269,Evangelia,Craydon
270,Genvieve,Hazeldine
271,Penn,Enticknap
272,Dilly,Caskey
273,Garvey,Rosson
274,Terrance,Cooksley
275,Rozina,Orrobin
276,Mendie,Lentsch
277,Nikolia,Valentin
278,Adriena,Joe
279,Brewster,Warboy
280,Harmon,McCardle
281,Selle,Berthouloume
282,Niel,Bestwick
283,Kacy,Spini
284,Gayel,Lynam
285,Terry,Bewley
286,Sukey,Andriveaux
287,Hagen,Ausiello
288,Eldin,Pancost
289,Belvia,Edess
290,Urbano,Marchand
291,Duky,Attwood
292,Kathryne,Tommasetti
293,Valentine,Lamont
294,Adriena,Stebbings
295,Abagael,Petschelt
296,Amos,Mechem
297,Lonee,Berka
298,Taffy,Aldham
299,Suellen,Crankshaw
300,Sheelah,Lyttle
301,Domingo,Adamsson
302,Stephen,Vasiltsov
303,Lannie,Gosalvez
304,Donelle,Ladbrooke
305,Demetri,Gothup
306,Ella,Nehls
307,Gayla,Bernardoux
308,Jasmine,Tether
309,Gertruda,Hammerich
310,Maddalena,Slot
311,Duff,Braunroth
312,Allsun,Radbourn
313,Kiley,Tewkesbury
314,Anton,Springate
315,Korrie,Mosedall
316,Arlene,Semens
317,Arri,Giraldon
318,Jolyn,Kleinplac
319,Keven,Bathersby
320,Waite,Petrasek
321,Fred,Morrish
322,Jamaal,Ateggart
323,Rayshell,Kingscott
324,Jourdan,McOmish
325,Dare,Sayce
326,Terrel,Sally
327,Letizia,Hick
328,Stanleigh,Messham
329,Osbourne,Moorhead
330,Donetta,Brinkley
331,Fraser,Binding
332,Germain,Littrick
333,Michael,Assur
334,Morgen,Haywood
335,Arin,Lambol
336,Modesty,Gallemore
337,Susanne,O'Cahey
338,Trescha,Wass
339,Reynard,Learoyd
340,Karel,Hillock
341,Danie,Philippart
342,Lotty,Fairleigh
343,Hervey,Senchenko
344,Kimberli,Kobiela
345,Roth,Fewster
346,Kathlin,Varley
347,Tristan,Sparway
348,Les,Kembery
349,Miguelita,Readwing
350,Herc,Simkovitz
351,Emerson,D'Ambrosio
352,Ingra,Dohms
353,Iris,O'Shiel
354,Gawain,McCoveney
355,Maury,Ballsdon
356,Freddy,Arnald
357,Scotti,Rousell
358,Welbie,Millimoe
359,Bonnie,Mum
360,Yehudit,Dunkerly
361,Laina,McTavish
362,Leland,Spensly
363,Errick,Brownbill
364,Elsinore,Pagram
365,Jarrid,Velti
366,Archibold,Kleinsmuntz
367,Amabel,Longland
368,Amanda,McClancy
369,Steward,Oade
370,Candy,Rulton
371,Shayne,Bradburn
372,Clement,Putton
373,Brunhilda,Edinburgh
374,Doy,Jordon
375,Caprice,Annis
376,Alvan,Postins
377,Orel,Deavall
378,Irvin,Bresland
379,Odella,Ondrousek
380,Susana,Dennant
381,Alex,Kilmartin
382,Shalne,Ducker
383,Janelle,McGrann
384,Davy,Gribble
385,Ramonda,Dunster
386,Erma,Ludlow
387,Blakeley,Huntall
388,Katrinka,Howat
389,Marion,Terne
390,Callean,Jermy
391,Cull,Satterley
392,Gilburt,Garfit
393,Valma,Fawlkes
394,Marmaduke,Meekins
395,Alphard,Proger
396,Andonis,Caddell
397,Reyna,Tipler
398,Ddene,Scamadine
399,Shelton,Dallinder
400,Britteny,Brou
401,Milty,Gergolet
402,Netta,Saffran
403,Teresa,Shearme
404,Bryanty,Camp
405,Patrice,Goad
406,Crissy,Meininking
407,Fidole,Cornes
408,Catlee,Eplett
409,Katerina,Lubomirski
410,Hiram,Kilius
411,Jackie,Mepsted
412,Michele,Oxenford
413,Currie,Penner
414,Maridel,McMichael
415,Gnni,Feldbaum
416,Jermaine,Muckeen
417,Jarib,Muckersie
418,Winfield,Nolleth
419,Freddy,Weall
420,Tab,Vere
421,Nicolas,Dorey
422,Emlyn,Francesconi
423,Shandeigh,Jeanequin
424,Samson,Rawsthorn
425,Chan,Moyer
426,Owen,Madsen
427,Laurens,Kubas
428,Padraig,McNalley
429,Karry,Scourgie
430,Deanne,Birch
431,Latrena,Kubicek
432,Rafaellle,Fordham
433,Augy,Blezard
434,Chrissie,Nashe
435,Michele,Stolting
436,Amii,Duffell
437,Francine,Ebdin
438,Vilma,Grindle
439,Adda,Graine
440,Tiphani,Richt
441,Regina,Randales
442,Garnet,Mingard
443,Ermina,Efford
444,Jenna,Maffulli
445,Alphard,Pauleau
446,Howey,Thrift
447,Woodman,Middlewick
448,Starla,Whiffin
449,Monica,McWhinnie
450,Eugine,Eccott
451,Carling,Ricardou
452,Renaldo,McCloughlin
453,Pier,McGonigle
454,Marcellus,Roscow
455,Jerrie,Parfrey
456,Joell,Harriagn
457,Klaus,Blethyn
458,Gayelord,Blitz
459,Blisse,Vearncomb
460,Kermie,Duffit
461,Giorgia,Aldrin
462,Ripley,Fawdry
463,Tannie,Gier
464,Kele,Mallabone
465,Abbot,Doree
466,Ellissa,Nisbet
467,Justin,Wrightham
468,Silvester,Froud
469,Charlotte,Bygrove
470,Ricky,Doumerque
471,Billie,Bullers
472,Barbey,Wogan
473,Ingmar,Kiehnlt
474,Merell,Brockington
475,Meagan,Zannotti
476,Quintina,McGaw
477,Caitlin,Semonin
478,Cross,Origan
479,Guthrie,Blaxton
480,Alys,Saddler
481,Elva,Lamas
482,Martyn,Frantzen
483,Maximilianus,Atwill
484,Orsola,Crampton
485,Sigismundo,Emanulsson
486,Ivor,Lusgdin
487,Lauree,Chismon
488,Angeline,Georgiev
489,Vita,Wadmore
490,Raimondo,Glenton
491,Bertrand,Ambrogioli
492,Care,Yarr
493,Mitchell,Fosdyke
494,Amalia,Willas
495,Adda,Mourgue
496,Carrissa,Danter
497,Giulietta,MacIlhagga
498,Ethelind,Leahey
499,Shirleen,Strangward
500,Trudie,Runnalls
501,Jobie,Napoleon
502,Trent,Livesley
503,Ivette,Bruinsma
504,Carilyn,O'Docherty
505,Elisha,Sitlington
506,Cacilie,Sheekey
507,Cleavland,Harwood
508,Joli,Paffitt
509,Jonis,Angood
510,Adora,Oldred
511,Tedd,Scard
512,Rheba,Lazarus
513,Donielle,Ginger
514,Jenda,Kuschel
515,Cyrille,Bahlmann
516,Tim,Kampshell
517,Carroll,Dubber
518,Armando,Mustoo
519,Sabina,Hughes
520,Lalo,Bardill
521,Addy,Leedal
522,Xylina,Cars
523,Zandra,Lotherington
524,Tann,Yakovlev
525,Keith,Swayland
526,Anthea,MacAlaster
527,Lynnelle,Spellesy
528,Demetre,Aluard
529,Xylia,Brabyn
530,Melesa,Rodenborch
531,Kata,Melvin
532,Josepha,Sowte
533,Crista,Stabbins
534,Tony,Kebbell
535,Hedy,Truckell
536,Alyssa,Pullan
537,Margot,Nobbs
538,Leonard,Lamborne
539,Kimble,Blunsum
540,Mia,Reddin
541,Flemming,Hubbart
542,Alex,Poytress
543,Rennie,Jeduch
544,Arlinda,Tumulty
545,Jeffy,Brickhill
546,Debora,Kynan
547,Kaile,Bartczak
548,Shermy,Woolard
549,Mahmud,Scoles
550,Ruthy,Burree
551,Natividad,Mabone
552,Kenna,Bartram
553,Monah,Mattisson
554,Tobit,Tinston
555,Herold,Cottham
556,Nerty,Curtiss
557,Benji,Furley
558,Valeria,Iacomo
559,Konrad,Linder
560,Lib,Cotmore
561,Bo,Gronno
562,Sasha,Merriton
563,Betty,Fried
564,Penny,Foulger
565,Christian,Wemm
566,Dolf,Fluin
567,Christan,Curgenuer
568,Darcy,Samms
569,Wilona,Oxbrough
570,Constantine,Oglethorpe
571,Jeramey,Ewbanks
572,Osgood,Tanguy
573,Mallissa,Hendriksen
574,Rad,Bern
575,Dorree,Fomichkin
576,Gwendolin,Colliber
577,Sada,Setchfield
578,Rhonda,Tomashov
579,Mathilda,Summerill
580,Evangelina,Gartell
581,Niels,Siely
582,Silvana,Monnery
583,Jamima,Chaloner
584,Win,Younglove
585,Dewain,Whetland
586,Marje,Huebner
587,Tucky,Yantsurev
588,Justus,Canedo
589,Palm,McCrystal
590,Natassia,Ellams
591,Lurlene,MacCartan
592,Jud,Bridie
593,Geri,Cossentine
594,Devin,Blenkinsopp
595,Iormina,Ciotto
596,Rhys,China
597,Ulric,Gadsdon
598,Timoteo,Syder
599,Marcelia,Mockes
600,Clio,Dunk
601,Kathleen,Huge
602,Natalya,Verbeek
603,Sergeant,Esch
604,Quill,Spini
605,Tiffi,De Robertis
606,Marthena,Bowton
607,Ibrahim,Winspurr
608,Brady,Durrans
609,Gherardo,Gates
610,Ninette,Garron
611,Sam,Brogan
612,Ortensia,Gaskins
613,Dagny,Ransfield
614,Joana,Ainger
615,Linnea,Caistor
616,Pate,Gimeno
617,Melisandra,Addeycott
618,Kristel,Borley
619,Tome,Litel
620,Ashly,MacLaren
621,Brianne,McGrey
622,Tito,Cathee
623,Min,Sparkwill
624,Jacqueline,Jannequin
625,Brose,Owens
626,Quinton,Bhatia
627,Thebault,Leacy
628,Juliane,Sauvain
629,Florri,Pinson
630,Marshal,Chazerand
631,Bianca,O'Suaird
632,Kalvin,Domonkos
633,Lenee,Vurley
634,Sydney,Ticksall
635,Melamie,Eskriett
636,Modesty,Beddard
637,Willi,Abbey
638,Mal,Kielty
639,Berta,Fillis
640,Alecia,Bathowe
641,Dukey,Kondrachenko
642,Victoria,McMurray
643,Dennison,Jewiss
644,Saidee,Scorer
645,Cherlyn,Pre
646,Darlene,Fonso
647,Doti,Ellwood
648,Arlinda,Humes
649,Jan,Beekman
650,Beale,Gorry
651,Erasmus,Carden
652,Broderic,Collyear
653,Janifer,Saint
654,Oralia,Hearthfield
655,Dania,Pledge
656,Trude,Kraut
657,Luce,Belfitt
658,Shina,Manach
659,Neil,Jozsef
660,Madelin,Macak
661,Peyton,Minerdo
662,Edmon,Lindores
663,Gay,Wisbey
664,Adelheid,Josephsen
665,Vida,Jakoubec
666,Munmro,Baudic
667,Melba,Kull
668,Sonnie,Arkill
669,Viviyan,Ruddiforth
670,Ludvig,Jess
671,Tessy,Krates
672,Ulrike,Gilling
673,Julee,Rudeyeard
674,Aggie,Lamboll
675,Derwin,Annets
676,Kevina,Hadgkiss
677,Deb,Radnage
678,Dominic,Crease
679,Moyna,Karlmann
680,Rubetta,Boon
681,Jillene,Yeatman
682,Marj,Fullick
683,Dyann,Haster
684,Alfred,Saban
685,Delaney,Gillet
686,Korrie,Duddridge
687,Ulick,Shoubridge
688,Henrieta,Caudle
689,Corrianne,McReynold
690,Gwynne,Scaice
691,Karlen,Dudin
692,Silva,Dillingham
693,Alf,Beatson
694,Irv,Mundy
695,Ian,Dennitts
696,Bay,Nicolls
697,Dionysus,Mavin
698,Opal,Poncet
699,Aprilette,Dirand
700,Nataniel,Lydiard
701,Pebrook,Head
702,Elaine,Melchior
703,Adrianna,Lovie
704,Mateo,Tumayan
705,Tomi,Feldhorn
706,Marcellina,Winterbotham
707,Yolanthe,Kuzma
708,Lissy,Janiszewski
709,Karoly,Bovey
710,Jacklyn,Garvagh
711,Anthe,Graffin
712,Decca,Enrdigo
713,Sybilla,Gonin
714,Judie,Mullord
715,Randa,Malloy
716,Barbaraanne,Braysher
717,Jamie,McConachie
718,Drake,Borth
719,Nani,Aubrun
720,Phebe,Jorczyk
721,Florencia,Gambles
722,Sky,Cliburn
723,Ada,McInally
724,Kelcey,MacRury
725,Griffith,Peniello
726,Winthrop,Suttie
727,Reece,Lujan
728,Natasha,Steffens
729,Bondy,Cogar
730,Delinda,Vaskov
731,Blair,Carnelley
732,Lawrence,Aykroyd
733,Tova,Van Der Hoog
734,Hans,Tredinnick
735,Friedrich,Blazewski
736,Kelsey,Newens
737,Lanni,Lettson
738,Jervis,Kittman
739,Agnesse,MacCroary
740,Arline,Brinkley
741,Vern,Cavaney
742,Traver,Nassie
743,Sherri,Sivess
744,Arlene,Bowater
745,Richie,Carver
746,Dion,De Bernardis
747,Lynnea,Tomankowski
748,Franny,Thick
749,Corabel,Barzen
750,Alistair,Iannuzzi
751,Monroe,Arnaudot
752,Prue,Westerman
753,Iver,Furphy
754,Trevar,O' Mahony
755,Colly,Rookwell
756,Inglebert,Burberow
757,Oswell,Brister
758,Nanny,Dondon
759,Jermain,Svanini
760,Lu,Albrecht
761,Cecilio,Blinder
762,Stephan,Vanini
763,Hillary,Iveans
764,Corty,Mazzeo
765,Emerson,Walden
766,Blake,Zotto
767,Wendi,Golightly
768,Verne,MacKnockiter
769,Fawne,Jedrychowski
770,Patrice,Bill
771,Micaela,Riddick
772,Whitaker,Keener
773,Dacey,Guild
774,Dare,Gallahar
775,Sibyl,Gawen
776,Linc,McOmish
777,Libby,Emanuele
778,Taber,Stone
779,Ephrem,Riolfi
780,Emmy,Pealing
781,Berry,Mallett
782,Alys,Normanell
783,Marlon,Jagels
784,Lyndsey,Habgood
785,Nani,Mayall
786,Kennedy,Ebbing
787,Prisca,Grinsdale
788,Tomasine,Kildea
789,Devy,Dikelin
790,Morie,Froud
791,Adelle,Tricker
792,Belita,Dubery
793,Madella,Buckle
794,Chan,Kingswood
795,Ardine,Choulerton
796,Lexy,Burleton
797,Moss,Deavin
798,Elora,Kennard
799,Victoria,Sanbrook
800,Fey,Amiss
801,Rebecka,Clay
802,Salim,Rivalland
803,Sandro,Lilburne
804,Cairistiona,Gordon-Giles
805,Earvin,Rickersey
806,Hilario,Elstub
807,Devlin,Sharpe
808,Kiersten,Geraudel
809,Brita,Gautrey
810,Friedrick,Pavek
811,Elora,Slyvester
812,Murdoch,Klewer
813,Rolando,Aughtie
814,Sandra,Owens
815,Sigismundo,Saladino
816,Eada,Boot
817,Florella,Wainer
818,Mattie,Sprigg
819,Gerek,O'Shields
820,Binky,Dumigan
821,Evaleen,Hookes
822,Vinny,Sibyllina
823,Margit,Elsbury
824,Read,Meates
825,Gregoor,Enriques
826,Wat,Walsh
827,Salvador,De Bruijn
828,Nial,MacCostye
829,Anselm,Thick
830,Boris,De Goey
831,Estrellita,Stoffel
832,Morry,Pudan
833,Griffith,Goldberg
834,Frants,Bletsoe
835,Katharine,Kondratenya
836,Jeno,Bourley
837,Town,Hill
838,Rodolph,Rochelle
839,Merrielle,Corfield
840,Valencia,Gornal
841,Reeva,Siggin
842,Drusi,Hemmingway
843,Chelsae,Spaxman
844,Esmeralda,Commusso
845,Nil,Thorrington
846,Ebony,Labell
847,Wat,Buten
848,Norene,Ebi
849,Inigo,Sporgeon
850,Brade,Hutchens
851,Catherine,Jillings
852,Berni,Tittletross
853,Reina,McDougle
854,Alister,Caban
855,Ellette,Menchenton
856,Pip,Aish
857,Rodney,Courtes
858,Valaree,Wickey
859,Gwyneth,Rojahn
860,Lizette,Ollington
861,Dame,Gendricke
862,Traci,Norrey
863,Thaddeus,Howorth
864,Anet,Jewks
865,Jacenta,Jaycocks
866,Courtney,Jagielski
867,Emmet,Chiplin
868,Shawn,Espadate
869,Bev,Pfertner
870,Mei,Crowden
871,Marsh,Pendlenton
872,Tory,Eason
873,Westbrooke,Thickett
874,Clementius,Couve
875,Simone,Thackwray
876,Penelope,Bazley
877,Ruthanne,Lempke
878,Laure,Rosel
879,Elysia,Downey
880,Carmelita,Giovannetti
881,Arnie,Klimaszewski
882,Neysa,Gurwood
883,Roddie,Stanney
884,Tally,Eagles
885,Ketty,O'Devey
886,Othilie,Boliver
887,Roma,Jeger
888,Natala,Eaglesham
889,Harriott,Howsan
890,Edouard,Jendrusch
891,Karlens,Tomovic
892,Bronson,Briers
893,Elwyn,Gavin
894,Benedikta,Chittey
895,Neddie,Gabbett
896,Marlyn,Bachshell
897,Cinderella,Ruffler
898,Chiarra,Tethcote
899,Jordan,Bower
900,Blythe,Le Leu
901,Ezri,Okell
902,Roddie,Males
903,Joby,Trask
904,Evvie,Nosworthy
905,Galvin,Kirke
906,Lorianne,Roistone
907,Olenka,Feldberger
908,Lianna,Bowering
909,Noland,Koles
910,Wiley,Reide
911,Harrie,Gannicleff
912,Bord,Waldram
913,Alfonse,Dunphie
914,Gwenneth,Bugby
915,Glori,Esposito
916,Myron,Brudenell
917,Perrine,Eason
918,Duncan,Birdwistle
919,Em,Baldry
920,Kaiser,Pryer
921,Belinda,Mallebone
922,Selia,Lunck
923,Angelina,McQuaid
924,Shurlock,Alekhov
925,Dorris,Odger
926,Camille,Ixor
927,Gardener,Dubock
928,Maxi,Eallis
929,Yoshi,McRobb
930,Faustine,Simon
931,Petey,Dellatorre
932,Lexis,Orring
933,Michaeline,Garfoot
934,Gabriel,De Fraine
935,Nettle,Umbers
936,Warner,Ferrero
937,Ardene,Vidgen
938,Hillery,Brumby
939,Zeb,Getten
940,Noam,Deeble
941,Chick,Fearick
942,Roanne,Drissell
943,Martynne,Clegg
944,Lionello,Waldie
945,Happy,Chartres
946,Gunilla,Barter
947,Northrop,Carine
948,Cleon,Hamshar
949,Denny,Vobes
950,Pepe,Thying
951,Grace,Birrane
952,Timotheus,Eustace
953,Elvira,Bilbie
954,Gerladina,Adriaens
955,Zacharia,Driuzzi
956,Ferdy,Halsey
957,Pooh,Yannoni
958,Alyssa,Agneau
959,Josy,Rops
960,Agatha,Sibson
961,Beverlie,Schirak
962,Allyn,Spedroni
963,Lisette,Dober
964,Babb,Boick
965,May,Tschirschky
966,Dore,Arkcoll
967,Noland,Buessen
968,Norbie,Moult
969,Pren,Castel
970,Nicola,Enterle
971,Homer,Monkhouse
972,Philly,Rubinowitch
973,Tommie,Pikett
974,Emma,Hammersley
975,Vania,Lorraine
976,Nicol,Bickmore
977,Roma,Donald
978,Gram,Welsh
979,Torrance,Delahunty
980,Aurore,Harmon
981,Dasi,Paolone
982,Dudley,Pendlington
983,Dewitt,Harrema
984,Wally,Martensen
985,Waverly,Snaddin
986,Burt,Benian
987,Jordanna,Malham
988,Georgi,Lidster
989,Leonerd,Kaming
990,Ransell,Tunnock
991,Oralle,Leipold
992,Rosalie,January
993,Aloysius,Reddoch
994,Dana,Gaven
995,Pip,Oakhill
996,Willdon,Thurston
997,Lee,Pedlingham
998,Kimbra,Foulgham
999,Gena,Kempshall
1000,Caralie,Cogswell
